timestamp,agent,action,target,severity,decision_basis,recommendation,ticket_id
2025-08-01 10:09:00+03:00,maintenance-agent,OPEN_TICKET,Pump-1,low,"{'window_min': 10, 'vibration_g': 0.716, 'temp_c': 42.78, 'current_a': 7.404, 'pred_anom_sustained': True}",Schedule inspection within next 24h; prefer off-peak hour.,T-20250801-1009
2025-08-01 10:29:00+03:00,maintenance-agent,OPEN_TICKET,Pump-1,low,"{'window_min': 10, 'vibration_g': 0.784, 'temp_c': 45.2, 'current_a': 7.539, 'pred_anom_sustained': True}",Schedule inspection within next 24h; prefer off-peak hour.,T-20250801-1029
2025-08-01 10:49:00+03:00,maintenance-agent,OPEN_TICKET,Pump-1,low,"{'window_min': 10, 'vibration_g': 0.792, 'temp_c': 46.38, 'current_a': 7.82, 'pred_anom_sustained': True}",Schedule inspection within next 24h; prefer off-peak hour.,T-20250801-1049
2025-08-01 11:09:00+03:00,maintenance-agent,OPEN_TICKET,Pump-1,low,"{'window_min': 10, 'vibration_g': 0.767, 'temp_c': 47.33, 'current_a': 8.337, 'pred_anom_sustained': True}",Schedule inspection within next 24h; prefer off-peak hour.,T-20250801-1109
2025-08-01 11:29:00+03:00,maintenance-agent,OPEN_TICKET,Pump-1,low,"{'window_min': 10, 'vibration_g': 0.686, 'temp_c': 48.98, 'current_a': 8.725, 'pred_anom_sustained': True}",Schedule inspection within next 24h; prefer off-peak hour.,T-20250801-1129
2025-08-01 11:49:00+03:00,maintenance-agent,OPEN_TICKET,Pump-1,low,"{'window_min': 10, 'vibration_g': 0.798, 'temp_c': 50.42, 'current_a': 8.648, 'pred_anom_sustained': True}",Schedule inspection within next 24h; prefer off-peak hour.,T-20250801-1149
2025-08-01 12:09:00+03:00,maintenance-agent,OPEN_TICKET,Pump-1,low,"{'window_min': 10, 'vibration_g': 0.723, 'temp_c': 49.94, 'current_a': 8.501, 'pred_anom_sustained': True}",Schedule inspection within next 24h; prefer off-peak hour.,T-20250801-1209
2025-08-01 12:29:00+03:00,maintenance-agent,OPEN_TICKET,Pump-1,low,"{'window_min': 10, 'vibration_g': 0.796, 'temp_c': 51.58, 'current_a': 8.903, 'pred_anom_sustained': True}",Schedule inspection within next 24h; prefer off-peak hour.,T-20250801-1229
2025-08-01 12:49:00+03:00,maintenance-agent,OPEN_TICKET,Pump-1,low,"{'window_min': 10, 'vibration_g': 0.747, 'temp_c': 53.91, 'current_a': 9.35, 'pred_anom_sustained': True}",Schedule inspection within next 24h; prefer off-peak hour.,T-20250801-1249
2025-08-01 13:09:00+03:00,maintenance-agent,OPEN_TICKET,Pump-1,low,"{'window_min': 10, 'vibration_g': 0.833, 'temp_c': 52.54, 'current_a': 9.073, 'pred_anom_sustained': True}",Schedule inspection within next 24h; prefer off-peak hour.,T-20250801-1309
2025-08-01 13:29:00+03:00,maintenance-agent,OPEN_TICKET,Pump-1,low,"{'window_min': 10, 'vibration_g': 0.84, 'temp_c': 53.47, 'current_a': 9.357, 'pred_anom_sustained': True}",Schedule inspection within next 24h; prefer off-peak hour.,T-20250801-1329
2025-08-01 13:49:00+03:00,maintenance-agent,OPEN_TICKET,Pump-1,low,"{'window_min': 10, 'vibration_g': 0.841, 'temp_c': 53.82, 'current_a': 9.384, 'pred_anom_sustained': True}",Schedule inspection within next 24h; prefer off-peak hour.,T-20250801-1349
2025-08-01 14:09:00+03:00,maintenance-agent,OPEN_TICKET,Pump-1,medium,"{'window_min': 10, 'vibration_g': 0.842, 'temp_c': 56.4, 'current_a': 9.937, 'pred_anom_sustained': True}",Schedule inspection within next 24h; prefer off-peak hour.,T-20250801-1409
2025-08-01 14:29:00+03:00,maintenance-agent,OPEN_TICKET,Pump-1,medium,"{'window_min': 10, 'vibration_g': 0.837, 'temp_c': 56.47, 'current_a': 10.089, 'pred_anom_sustained': True}",Schedule inspection within next 24h; prefer off-peak hour.,T-20250801-1429
2025-08-01 14:49:00+03:00,maintenance-agent,OPEN_TICKET,Pump-1,high,"{'window_min': 10, 'vibration_g': 0.91, 'temp_c': 56.77, 'current_a': 10.304, 'pred_anom_sustained': True}",Schedule inspection within next 24h; prefer off-peak hour.,T-20250801-1449
2025-08-01 15:09:00+03:00,maintenance-agent,OPEN_TICKET,Pump-1,high,"{'window_min': 10, 'vibration_g': 0.865, 'temp_c': 57.19, 'current_a': 10.406, 'pred_anom_sustained': True}",Schedule inspection within next 24h; prefer off-peak hour.,T-20250801-1509
2025-08-01 15:29:00+03:00,maintenance-agent,OPEN_TICKET,Pump-1,medium,"{'window_min': 10, 'vibration_g': 0.922, 'temp_c': 56.13, 'current_a': 10.073, 'pred_anom_sustained': True}",Schedule inspection within next 24h; prefer off-peak hour.,T-20250801-1529
2025-08-01 15:49:00+03:00,maintenance-agent,OPEN_TICKET,Pump-1,medium,"{'window_min': 10, 'vibration_g': 0.795, 'temp_c': 55.98, 'current_a': 10.097, 'pred_anom_sustained': True}",Schedule inspection within next 24h; prefer off-peak hour.,T-20250801-1549
2025-08-01 16:09:00+03:00,maintenance-agent,OPEN_TICKET,Pump-1,low,"{'window_min': 10, 'vibration_g': 0.81, 'temp_c': 54.84, 'current_a': 10.103, 'pred_anom_sustained': True}",Schedule inspection within next 24h; prefer off-peak hour.,T-20250801-1609
2025-08-01 16:29:00+03:00,maintenance-agent,OPEN_TICKET,Pump-1,medium,"{'window_min': 10, 'vibration_g': 0.916, 'temp_c': 54.2, 'current_a': 10.228, 'pred_anom_sustained': True}",Schedule inspection within next 24h; prefer off-peak hour.,T-20250801-1629
2025-08-01 16:49:00+03:00,maintenance-agent,OPEN_TICKET,Pump-1,low,"{'window_min': 10, 'vibration_g': 0.917, 'temp_c': 54.01, 'current_a': 9.983, 'pred_anom_sustained': True}",Schedule inspection within next 24h; prefer off-peak hour.,T-20250801-1649
2025-08-01 17:09:00+03:00,maintenance-agent,OPEN_TICKET,Pump-1,low,"{'window_min': 10, 'vibration_g': 0.92, 'temp_c': 53.1, 'current_a': 9.719, 'pred_anom_sustained': True}",Schedule inspection within next 24h; prefer off-peak hour.,T-20250801-1709
2025-08-01 17:29:00+03:00,maintenance-agent,OPEN_TICKET,Pump-1,low,"{'window_min': 10, 'vibration_g': 0.916, 'temp_c': 54.04, 'current_a': 9.926, 'pred_anom_sustained': True}",Schedule inspection within next 24h; prefer off-peak hour.,T-20250801-1729
2025-08-01 17:49:00+03:00,maintenance-agent,OPEN_TICKET,Pump-1,low,"{'window_min': 10, 'vibration_g': 0.806, 'temp_c': 51.9, 'current_a': 9.306, 'pred_anom_sustained': True}",Schedule inspection within next 24h; prefer off-peak hour.,T-20250801-1749
2025-08-01 18:09:00+03:00,maintenance-agent,OPEN_TICKET,Pump-1,low,"{'window_min': 10, 'vibration_g': 0.798, 'temp_c': 49.25, 'current_a': 8.431, 'pred_anom_sustained': True}",Schedule inspection within next 24h; prefer off-peak hour.,T-20250801-1809
2025-08-01 18:29:00+03:00,maintenance-agent,OPEN_TICKET,Pump-1,low,"{'window_min': 10, 'vibration_g': 0.841, 'temp_c': 49.05, 'current_a': 8.399, 'pred_anom_sustained': True}",Schedule inspection within next 24h; prefer off-peak hour.,T-20250801-1829
2025-08-01 18:49:00+03:00,maintenance-agent,OPEN_TICKET,Pump-1,low,"{'window_min': 10, 'vibration_g': 0.817, 'temp_c': 47.2, 'current_a': 7.963, 'pred_anom_sustained': True}",Schedule inspection within next 24h; prefer off-peak hour.,T-20250801-1849
2025-08-01 19:09:00+03:00,maintenance-agent,OPEN_TICKET,Pump-1,low,"{'window_min': 10, 'vibration_g': 0.766, 'temp_c': 45.22, 'current_a': 7.976, 'pred_anom_sustained': True}",Schedule inspection within next 24h; prefer off-peak hour.,T-20250801-1909
2025-08-01 19:29:00+03:00,maintenance-agent,OPEN_TICKET,Pump-1,low,"{'window_min': 10, 'vibration_g': 0.704, 'temp_c': 45.3, 'current_a': 7.626, 'pred_anom_sustained': True}",Schedule inspection within next 24h; prefer off-peak hour.,T-20250801-1929
2025-08-01 19:49:00+03:00,maintenance-agent,OPEN_TICKET,Pump-1,low,"{'window_min': 10, 'vibration_g': 0.664, 'temp_c': 43.23, 'current_a': 7.277, 'pred_anom_sustained': True}",Schedule inspection within next 24h; prefer off-peak hour.,T-20250801-1949
2025-08-02 10:08:00+03:00,maintenance-agent,OPEN_TICKET,Pump-1,low,"{'window_min': 10, 'vibration_g': 0.756, 'temp_c': 43.61, 'current_a': 7.756, 'pred_anom_sustained': True}",Schedule inspection within next 24h; prefer off-peak hour.,T-20250802-1008
2025-08-02 10:28:00+03:00,maintenance-agent,OPEN_TICKET,Pump-1,low,"{'window_min': 10, 'vibration_g': 0.762, 'temp_c': 45.02, 'current_a': 8.116, 'pred_anom_sustained': True}",Schedule inspection within next 24h; prefer off-peak hour.,T-20250802-1028
2025-08-02 10:48:00+03:00,maintenance-agent,OPEN_TICKET,Pump-1,low,"{'window_min': 10, 'vibration_g': 0.83, 'temp_c': 46.11, 'current_a': 7.857, 'pred_anom_sustained': True}",Schedule inspection within next 24h; prefer off-peak hour.,T-20250802-1048
2025-08-02 11:08:00+03:00,maintenance-agent,OPEN_TICKET,Pump-1,low,"{'window_min': 10, 'vibration_g': 0.799, 'temp_c': 46.98, 'current_a': 8.061, 'pred_anom_sustained': True}",Schedule inspection within next 24h; prefer off-peak hour.,T-20250802-1108
2025-08-02 11:28:00+03:00,maintenance-agent,OPEN_TICKET,Pump-1,low,"{'window_min': 10, 'vibration_g': 0.818, 'temp_c': 48.13, 'current_a': 8.405, 'pred_anom_sustained': True}",Schedule inspection within next 24h; prefer off-peak hour.,T-20250802-1128
2025-08-02 11:48:00+03:00,maintenance-agent,OPEN_TICKET,Pump-1,low,"{'window_min': 10, 'vibration_g': 0.881, 'temp_c': 49.96, 'current_a': 8.769, 'pred_anom_sustained': True}",Schedule inspection within next 24h; prefer off-peak hour.,T-20250802-1148
2025-08-02 12:08:00+03:00,maintenance-agent,OPEN_TICKET,Pump-1,low,"{'window_min': 10, 'vibration_g': 0.851, 'temp_c': 50.66, 'current_a': 8.675, 'pred_anom_sustained': True}",Schedule inspection within next 24h; prefer off-peak hour.,T-20250802-1208
2025-08-02 12:28:00+03:00,maintenance-agent,OPEN_TICKET,Pump-1,low,"{'window_min': 10, 'vibration_g': 0.901, 'temp_c': 51.46, 'current_a': 9.013, 'pred_anom_sustained': True}",Schedule inspection within next 24h; prefer off-peak hour.,T-20250802-1228
2025-08-02 12:48:00+03:00,maintenance-agent,OPEN_TICKET,Pump-1,low,"{'window_min': 10, 'vibration_g': 0.819, 'temp_c': 52.35, 'current_a': 8.691, 'pred_anom_sustained': True}",Schedule inspection within next 24h; prefer off-peak hour.,T-20250802-1248
2025-08-02 13:08:00+03:00,maintenance-agent,OPEN_TICKET,Pump-1,low,"{'window_min': 10, 'vibration_g': 0.89, 'temp_c': 53.38, 'current_a': 9.133, 'pred_anom_sustained': True}",Schedule inspection within next 24h; prefer off-peak hour.,T-20250802-1308
2025-08-02 13:28:00+03:00,maintenance-agent,OPEN_TICKET,Pump-1,low,"{'window_min': 10, 'vibration_g': 0.86, 'temp_c': 54.34, 'current_a': 9.353, 'pred_anom_sustained': True}",Schedule inspection within next 24h; prefer off-peak hour.,T-20250802-1328
2025-08-02 13:48:00+03:00,maintenance-agent,OPEN_TICKET,Pump-1,low,"{'window_min': 10, 'vibration_g': 0.845, 'temp_c': 53.44, 'current_a': 9.171, 'pred_anom_sustained': True}",Schedule inspection within next 24h; prefer off-peak hour.,T-20250802-1348
2025-08-02 14:08:00+03:00,maintenance-agent,OPEN_TICKET,Pump-1,low,"{'window_min': 10, 'vibration_g': 0.893, 'temp_c': 55.07, 'current_a': 9.91, 'pred_anom_sustained': True}",Schedule inspection within next 24h; prefer off-peak hour.,T-20250802-1408
2025-08-02 14:28:00+03:00,maintenance-agent,OPEN_TICKET,Pump-1,high,"{'window_min': 10, 'vibration_g': 0.904, 'temp_c': 56.36, 'current_a': 10.317, 'pred_anom_sustained': True}",Schedule inspection within next 24h; prefer off-peak hour.,T-20250802-1428
2025-08-02 14:48:00+03:00,maintenance-agent,OPEN_TICKET,Pump-1,high,"{'window_min': 10, 'vibration_g': 0.892, 'temp_c': 57.45, 'current_a': 10.342, 'pred_anom_sustained': True}",Schedule inspection within next 24h; prefer off-peak hour.,T-20250802-1448
2025-08-02 15:08:00+03:00,maintenance-agent,OPEN_TICKET,Pump-1,high,"{'window_min': 10, 'vibration_g': 0.875, 'temp_c': 57.38, 'current_a': 10.24, 'pred_anom_sustained': True}",Schedule inspection within next 24h; prefer off-peak hour.,T-20250802-1508
2025-08-02 15:28:00+03:00,maintenance-agent,OPEN_TICKET,Pump-1,high,"{'window_min': 10, 'vibration_g': 0.861, 'temp_c': 56.78, 'current_a': 10.212, 'pred_anom_sustained': True}",Schedule inspection within next 24h; prefer off-peak hour.,T-20250802-1528
2025-08-02 15:48:00+03:00,maintenance-agent,OPEN_TICKET,Pump-1,medium,"{'window_min': 10, 'vibration_g': 0.851, 'temp_c': 56.02, 'current_a': 10.031, 'pred_anom_sustained': True}",Schedule inspection within next 24h; prefer off-peak hour.,T-20250802-1548
2025-08-02 16:08:00+03:00,maintenance-agent,OPEN_TICKET,Pump-1,low,"{'window_min': 10, 'vibration_g': 0.921, 'temp_c': 55.3, 'current_a': 10.031, 'pred_anom_sustained': True}",Schedule inspection within next 24h; prefer off-peak hour.,T-20250802-1608
2025-08-02 16:28:00+03:00,maintenance-agent,OPEN_TICKET,Pump-1,low,"{'window_min': 10, 'vibration_g': 0.933, 'temp_c': 55.25, 'current_a': 10.096, 'pred_anom_sustained': True}",Schedule inspection within next 24h; prefer off-peak hour.,T-20250802-1628
2025-08-02 16:48:00+03:00,maintenance-agent,OPEN_TICKET,Pump-1,low,"{'window_min': 10, 'vibration_g': 0.89, 'temp_c': 54.59, 'current_a': 9.712, 'pred_anom_sustained': True}",Schedule inspection within next 24h; prefer off-peak hour.,T-20250802-1648
2025-08-02 17:08:00+03:00,maintenance-agent,OPEN_TICKET,Pump-1,low,"{'window_min': 10, 'vibration_g': 0.881, 'temp_c': 53.33, 'current_a': 9.558, 'pred_anom_sustained': True}",Schedule inspection within next 24h; prefer off-peak hour.,T-20250802-1708
2025-08-02 17:28:00+03:00,maintenance-agent,OPEN_TICKET,Pump-1,low,"{'window_min': 10, 'vibration_g': 0.838, 'temp_c': 53.08, 'current_a': 9.668, 'pred_anom_sustained': True}",Schedule inspection within next 24h; prefer off-peak hour.,T-20250802-1728
2025-08-02 17:48:00+03:00,maintenance-agent,OPEN_TICKET,Pump-1,low,"{'window_min': 10, 'vibration_g': 0.852, 'temp_c': 51.51, 'current_a': 9.088, 'pred_anom_sustained': True}",Schedule inspection within next 24h; prefer off-peak hour.,T-20250802-1748
2025-08-02 18:08:00+03:00,maintenance-agent,OPEN_TICKET,Pump-1,low,"{'window_min': 10, 'vibration_g': 0.784, 'temp_c': 51.27, 'current_a': 8.939, 'pred_anom_sustained': True}",Schedule inspection within next 24h; prefer off-peak hour.,T-20250802-1808
2025-08-02 18:28:00+03:00,maintenance-agent,OPEN_TICKET,Pump-1,low,"{'window_min': 10, 'vibration_g': 0.768, 'temp_c': 49.05, 'current_a': 8.529, 'pred_anom_sustained': True}",Schedule inspection within next 24h; prefer off-peak hour.,T-20250802-1828
2025-08-02 18:48:00+03:00,maintenance-agent,OPEN_TICKET,Pump-1,low,"{'window_min': 10, 'vibration_g': 0.757, 'temp_c': 48.16, 'current_a': 8.453, 'pred_anom_sustained': True}",Schedule inspection within next 24h; prefer off-peak hour.,T-20250802-1848
2025-08-02 19:08:00+03:00,maintenance-agent,OPEN_TICKET,Pump-1,low,"{'window_min': 10, 'vibration_g': 0.775, 'temp_c': 45.71, 'current_a': 7.705, 'pred_anom_sustained': True}",Schedule inspection within next 24h; prefer off-peak hour.,T-20250802-1908
2025-08-02 19:28:00+03:00,maintenance-agent,OPEN_TICKET,Pump-1,low,"{'window_min': 10, 'vibration_g': 0.721, 'temp_c': 44.94, 'current_a': 7.525, 'pred_anom_sustained': True}",Schedule inspection within next 24h; prefer off-peak hour.,T-20250802-1928
2025-08-02 19:48:00+03:00,maintenance-agent,OPEN_TICKET,Pump-1,low,"{'window_min': 10, 'vibration_g': 0.736, 'temp_c': 43.21, 'current_a': 7.549, 'pred_anom_sustained': True}",Schedule inspection within next 24h; prefer off-peak hour.,T-20250802-1948
2025-08-03 10:01:00+03:00,maintenance-agent,OPEN_TICKET,Pump-1,low,"{'window_min': 10, 'vibration_g': 0.74, 'temp_c': 41.24, 'current_a': 7.291, 'pred_anom_sustained': True}",Schedule inspection within next 24h; prefer off-peak hour.,T-20250803-1001
2025-08-03 10:21:00+03:00,maintenance-agent,OPEN_TICKET,Pump-1,low,"{'window_min': 10, 'vibration_g': 0.739, 'temp_c': 44.14, 'current_a': 7.63, 'pred_anom_sustained': True}",Schedule inspection within next 24h; prefer off-peak hour.,T-20250803-1021
2025-08-03 10:41:00+03:00,maintenance-agent,OPEN_TICKET,Pump-1,low,"{'window_min': 10, 'vibration_g': 0.75, 'temp_c': 44.32, 'current_a': 7.485, 'pred_anom_sustained': True}",Schedule inspection within next 24h; prefer off-peak hour.,T-20250803-1041
2025-08-03 11:01:00+03:00,maintenance-agent,OPEN_TICKET,Pump-1,low,"{'window_min': 10, 'vibration_g': 0.743, 'temp_c': 47.43, 'current_a': 8.395, 'pred_anom_sustained': True}",Schedule inspection within next 24h; prefer off-peak hour.,T-20250803-1101
2025-08-03 11:21:00+03:00,maintenance-agent,OPEN_TICKET,Pump-1,low,"{'window_min': 10, 'vibration_g': 0.76, 'temp_c': 48.07, 'current_a': 7.983, 'pred_anom_sustained': True}",Schedule inspection within next 24h; prefer off-peak hour.,T-20250803-1121
2025-08-03 11:41:00+03:00,maintenance-agent,OPEN_TICKET,Pump-1,low,"{'window_min': 10, 'vibration_g': 0.861, 'temp_c': 48.88, 'current_a': 8.541, 'pred_anom_sustained': True}",Schedule inspection within next 24h; prefer off-peak hour.,T-20250803-1141
2025-08-03 12:01:00+03:00,maintenance-agent,OPEN_TICKET,Pump-1,low,"{'window_min': 10, 'vibration_g': 0.773, 'temp_c': 50.13, 'current_a': 8.586, 'pred_anom_sustained': True}",Schedule inspection within next 24h; prefer off-peak hour.,T-20250803-1201
2025-08-03 12:21:00+03:00,maintenance-agent,OPEN_TICKET,Pump-1,low,"{'window_min': 10, 'vibration_g': 0.927, 'temp_c': 51.66, 'current_a': 9.055, 'pred_anom_sustained': True}",Schedule inspection within next 24h; prefer off-peak hour.,T-20250803-1221
2025-08-03 12:41:00+03:00,maintenance-agent,OPEN_TICKET,Pump-1,low,"{'window_min': 10, 'vibration_g': 0.707, 'temp_c': 52.01, 'current_a': 8.969, 'pred_anom_sustained': True}",Schedule inspection within next 24h; prefer off-peak hour.,T-20250803-1241
2025-08-03 13:01:00+03:00,maintenance-agent,OPEN_TICKET,Pump-1,low,"{'window_min': 10, 'vibration_g': 0.793, 'temp_c': 52.99, 'current_a': 9.175, 'pred_anom_sustained': True}",Schedule inspection within next 24h; prefer off-peak hour.,T-20250803-1301
2025-08-03 13:21:00+03:00,maintenance-agent,OPEN_TICKET,Pump-1,low,"{'window_min': 10, 'vibration_g': 0.745, 'temp_c': 53.66, 'current_a': 9.113, 'pred_anom_sustained': True}",Schedule inspection within next 24h; prefer off-peak hour.,T-20250803-1321
2025-08-03 13:41:00+03:00,maintenance-agent,OPEN_TICKET,Pump-1,low,"{'window_min': 10, 'vibration_g': 0.815, 'temp_c': 55.31, 'current_a': 9.725, 'pred_anom_sustained': True}",Schedule inspection within next 24h; prefer off-peak hour.,T-20250803-1341
2025-08-03 14:01:00+03:00,maintenance-agent,OPEN_TICKET,Pump-1,low,"{'window_min': 10, 'vibration_g': 0.877, 'temp_c': 55.62, 'current_a': 9.772, 'pred_anom_sustained': True}",Schedule inspection within next 24h; prefer off-peak hour.,T-20250803-1401
2025-08-03 14:21:00+03:00,maintenance-agent,OPEN_TICKET,Pump-1,low,"{'window_min': 10, 'vibration_g': 0.865, 'temp_c': 54.57, 'current_a': 10.061, 'pred_anom_sustained': True}",Schedule inspection within next 24h; prefer off-peak hour.,T-20250803-1421
2025-08-03 14:41:00+03:00,maintenance-agent,OPEN_TICKET,Pump-1,medium,"{'window_min': 10, 'vibration_g': 0.867, 'temp_c': 56.53, 'current_a': 10.048, 'pred_anom_sustained': True}",Schedule inspection within next 24h; prefer off-peak hour.,T-20250803-1441
2025-08-03 15:01:00+03:00,maintenance-agent,OPEN_TICKET,Pump-1,high,"{'window_min': 10, 'vibration_g': 0.971, 'temp_c': 56.37, 'current_a': 10.341, 'pred_anom_sustained': True}",Schedule inspection within next 24h; prefer off-peak hour.,T-20250803-1501
2025-08-03 15:21:00+03:00,maintenance-agent,OPEN_TICKET,Pump-1,low,"{'window_min': 10, 'vibration_g': 0.91, 'temp_c': 55.94, 'current_a': 10.086, 'pred_anom_sustained': True}",Schedule inspection within next 24h; prefer off-peak hour.,T-20250803-1521
2025-08-03 15:41:00+03:00,maintenance-agent,OPEN_TICKET,Pump-1,low,"{'window_min': 10, 'vibration_g': 0.952, 'temp_c': 55.61, 'current_a': 9.985, 'pred_anom_sustained': True}",Schedule inspection within next 24h; prefer off-peak hour.,T-20250803-1541
2025-08-03 16:01:00+03:00,maintenance-agent,OPEN_TICKET,Pump-1,low,"{'window_min': 10, 'vibration_g': 0.874, 'temp_c': 55.49, 'current_a': 9.994, 'pred_anom_sustained': True}",Schedule inspection within next 24h; prefer off-peak hour.,T-20250803-1601
2025-08-03 16:21:00+03:00,maintenance-agent,OPEN_TICKET,Pump-1,low,"{'window_min': 10, 'vibration_g': 0.905, 'temp_c': 54.88, 'current_a': 10.049, 'pred_anom_sustained': True}",Schedule inspection within next 24h; prefer off-peak hour.,T-20250803-1621
2025-08-03 16:41:00+03:00,maintenance-agent,OPEN_TICKET,Pump-1,medium,"{'window_min': 10, 'vibration_g': 0.929, 'temp_c': 55.41, 'current_a': 10.191, 'pred_anom_sustained': True}",Schedule inspection within next 24h; prefer off-peak hour.,T-20250803-1641
2025-08-03 17:01:00+03:00,maintenance-agent,OPEN_TICKET,Pump-1,low,"{'window_min': 10, 'vibration_g': 0.869, 'temp_c': 53.73, 'current_a': 9.999, 'pred_anom_sustained': True}",Schedule inspection within next 24h; prefer off-peak hour.,T-20250803-1701
2025-08-03 17:21:00+03:00,maintenance-agent,OPEN_TICKET,Pump-1,low,"{'window_min': 10, 'vibration_g': 0.962, 'temp_c': 53.15, 'current_a': 9.746, 'pred_anom_sustained': True}",Schedule inspection within next 24h; prefer off-peak hour.,T-20250803-1721
2025-08-03 17:41:00+03:00,maintenance-agent,OPEN_TICKET,Pump-1,low,"{'window_min': 10, 'vibration_g': 0.917, 'temp_c': 52.63, 'current_a': 9.646, 'pred_anom_sustained': True}",Schedule inspection within next 24h; prefer off-peak hour.,T-20250803-1741
2025-08-03 18:01:00+03:00,maintenance-agent,OPEN_TICKET,Pump-1,low,"{'window_min': 10, 'vibration_g': 0.864, 'temp_c': 51.74, 'current_a': 8.701, 'pred_anom_sustained': True}",Schedule inspection within next 24h; prefer off-peak hour.,T-20250803-1801
2025-08-03 18:21:00+03:00,maintenance-agent,OPEN_TICKET,Pump-1,low,"{'window_min': 10, 'vibration_g': 0.866, 'temp_c': 50.17, 'current_a': 8.76, 'pred_anom_sustained': True}",Schedule inspection within next 24h; prefer off-peak hour.,T-20250803-1821
2025-08-03 18:41:00+03:00,maintenance-agent,OPEN_TICKET,Pump-1,low,"{'window_min': 10, 'vibration_g': 0.775, 'temp_c': 48.0, 'current_a': 8.292, 'pred_anom_sustained': True}",Schedule inspection within next 24h; prefer off-peak hour.,T-20250803-1841
2025-08-03 19:01:00+03:00,maintenance-agent,OPEN_TICKET,Pump-1,low,"{'window_min': 10, 'vibration_g': 0.851, 'temp_c': 46.37, 'current_a': 7.987, 'pred_anom_sustained': True}",Schedule inspection within next 24h; prefer off-peak hour.,T-20250803-1901
2025-08-03 19:21:00+03:00,maintenance-agent,OPEN_TICKET,Pump-1,low,"{'window_min': 10, 'vibration_g': 0.892, 'temp_c': 45.94, 'current_a': 8.354, 'pred_anom_sustained': True}",Schedule inspection within next 24h; prefer off-peak hour.,T-20250803-1921
2025-08-03 19:41:00+03:00,maintenance-agent,OPEN_TICKET,Pump-1,low,"{'window_min': 10, 'vibration_g': 0.832, 'temp_c': 44.24, 'current_a': 7.81, 'pred_anom_sustained': True}",Schedule inspection within next 24h; prefer off-peak hour.,T-20250803-1941
2025-08-03 20:01:00+03:00,maintenance-agent,OPEN_TICKET,Pump-1,low,"{'window_min': 10, 'vibration_g': 0.929, 'temp_c': 42.76, 'current_a': 7.346, 'pred_anom_sustained': True}",Schedule inspection within next 24h; prefer off-peak hour.,T-20250803-2001
2025-08-03 20:21:00+03:00,maintenance-agent,OPEN_TICKET,Pump-1,low,"{'window_min': 10, 'vibration_g': 0.787, 'temp_c': 41.08, 'current_a': 7.476, 'pred_anom_sustained': True}",Schedule inspection within next 24h; prefer off-peak hour.,T-20250803-2021
2025-08-04 06:05:00+03:00,maintenance-agent,OPEN_TICKET,Pump-1,low,"{'window_min': 10, 'vibration_g': 1.024, 'temp_c': 39.03, 'current_a': 7.148, 'pred_anom_sustained': True}",Schedule inspection within next 24h; prefer off-peak hour.,T-20250804-0605
2025-08-04 06:37:00+03:00,maintenance-agent,OPEN_TICKET,Pump-1,low,"{'window_min': 10, 'vibration_g': 0.981, 'temp_c': 39.62, 'current_a': 7.163, 'pred_anom_sustained': True}",Schedule inspection within next 24h; prefer off-peak hour.,T-20250804-0637
2025-08-04 07:00:00+03:00,maintenance-agent,OPEN_TICKET,Pump-1,low,"{'window_min': 10, 'vibration_g': 1.038, 'temp_c': 39.07, 'current_a': 7.063, 'pred_anom_sustained': True}",Schedule inspection within next 24h; prefer off-peak hour.,T-20250804-0700
2025-08-04 08:05:00+03:00,maintenance-agent,OPEN_TICKET,Pump-1,low,"{'window_min': 10, 'vibration_g': 0.975, 'temp_c': 38.69, 'current_a': 7.086, 'pred_anom_sustained': True}",Schedule inspection within next 24h; prefer off-peak hour.,T-20250804-0805
2025-08-04 08:51:00+03:00,maintenance-agent,OPEN_TICKET,Pump-1,low,"{'window_min': 10, 'vibration_g': 0.958, 'temp_c': 40.37, 'current_a': 7.32, 'pred_anom_sustained': True}",Schedule inspection within next 24h; prefer off-peak hour.,T-20250804-0851
2025-08-04 09:17:00+03:00,maintenance-agent,OPEN_TICKET,Pump-1,low,"{'window_min': 10, 'vibration_g': 0.983, 'temp_c': 41.06, 'current_a': 7.516, 'pred_anom_sustained': True}",Schedule inspection within next 24h; prefer off-peak hour.,T-20250804-0917
2025-08-04 09:37:00+03:00,maintenance-agent,OPEN_TICKET,Pump-1,low,"{'window_min': 10, 'vibration_g': 1.014, 'temp_c': 42.05, 'current_a': 7.251, 'pred_anom_sustained': True}",Schedule inspection within next 24h; prefer off-peak hour.,T-20250804-0937
2025-08-04 09:57:00+03:00,maintenance-agent,OPEN_TICKET,Pump-1,low,"{'window_min': 10, 'vibration_g': 1.116, 'temp_c': 43.05, 'current_a': 7.623, 'pred_anom_sustained': True}",Schedule inspection within next 24h; prefer off-peak hour.,T-20250804-0957
2025-08-04 10:17:00+03:00,maintenance-agent,OPEN_TICKET,Pump-1,low,"{'window_min': 10, 'vibration_g': 1.128, 'temp_c': 44.88, 'current_a': 8.149, 'pred_anom_sustained': True}",Schedule inspection within next 24h; prefer off-peak hour.,T-20250804-1017
2025-08-04 10:37:00+03:00,maintenance-agent,OPEN_TICKET,Pump-1,low,"{'window_min': 10, 'vibration_g': 1.079, 'temp_c': 47.35, 'current_a': 8.319, 'pred_anom_sustained': True}",Schedule inspection within next 24h; prefer off-peak hour.,T-20250804-1037
2025-08-04 10:57:00+03:00,maintenance-agent,OPEN_TICKET,Pump-1,low,"{'window_min': 10, 'vibration_g': 1.104, 'temp_c': 48.12, 'current_a': 8.397, 'pred_anom_sustained': True}",Schedule inspection within next 24h; prefer off-peak hour.,T-20250804-1057
2025-08-04 11:17:00+03:00,maintenance-agent,OPEN_TICKET,Pump-1,low,"{'window_min': 10, 'vibration_g': 1.125, 'temp_c': 49.61, 'current_a': 8.841, 'pred_anom_sustained': True}",Schedule inspection within next 24h; prefer off-peak hour.,T-20250804-1117
2025-08-04 11:37:00+03:00,maintenance-agent,OPEN_TICKET,Pump-1,low,"{'window_min': 10, 'vibration_g': 1.12, 'temp_c': 51.47, 'current_a': 9.283, 'pred_anom_sustained': True}",Schedule inspection within next 24h; prefer off-peak hour.,T-20250804-1137
2025-08-04 11:57:00+03:00,maintenance-agent,OPEN_TICKET,Pump-1,low,"{'window_min': 10, 'vibration_g': 1.162, 'temp_c': 51.71, 'current_a': 9.115, 'pred_anom_sustained': True}",Schedule inspection within next 24h; prefer off-peak hour.,T-20250804-1157
2025-08-04 12:17:00+03:00,maintenance-agent,OPEN_TICKET,Pump-1,low,"{'window_min': 10, 'vibration_g': 1.199, 'temp_c': 52.53, 'current_a': 9.437, 'pred_anom_sustained': True}",Schedule inspection within next 24h; prefer off-peak hour.,T-20250804-1217
2025-08-04 12:37:00+03:00,maintenance-agent,OPEN_TICKET,Pump-1,low,"{'window_min': 10, 'vibration_g': 1.166, 'temp_c': 54.06, 'current_a': 9.626, 'pred_anom_sustained': True}",Schedule inspection within next 24h; prefer off-peak hour.,T-20250804-1237
2025-08-04 12:57:00+03:00,maintenance-agent,OPEN_TICKET,Pump-1,low,"{'window_min': 10, 'vibration_g': 1.162, 'temp_c': 53.51, 'current_a': 9.793, 'pred_anom_sustained': True}",Schedule inspection within next 24h; prefer off-peak hour.,T-20250804-1257
2025-08-04 13:17:00+03:00,maintenance-agent,OPEN_TICKET,Pump-1,low,"{'window_min': 10, 'vibration_g': 1.16, 'temp_c': 55.32, 'current_a': 9.875, 'pred_anom_sustained': True}",Schedule inspection within next 24h; prefer off-peak hour.,T-20250804-1317
2025-08-04 13:37:00+03:00,maintenance-agent,OPEN_TICKET,Pump-1,medium,"{'window_min': 10, 'vibration_g': 1.189, 'temp_c': 55.79, 'current_a': 10.258, 'pred_anom_sustained': True}",Schedule inspection within next 24h; prefer off-peak hour.,T-20250804-1337
2025-08-04 13:57:00+03:00,maintenance-agent,OPEN_TICKET,Pump-1,high,"{'window_min': 10, 'vibration_g': 1.265, 'temp_c': 58.53, 'current_a': 10.116, 'pred_anom_sustained': True}",Schedule inspection within next 24h; prefer off-peak hour.,T-20250804-1357
2025-08-04 14:17:00+03:00,maintenance-agent,OPEN_TICKET,Pump-1,critical,"{'window_min': 10, 'vibration_g': 1.283, 'temp_c': 56.77, 'current_a': 10.519, 'pred_anom_sustained': True}",Schedule inspection within next 24h; prefer off-peak hour.,T-20250804-1417
2025-08-04 14:37:00+03:00,maintenance-agent,OPEN_TICKET,Pump-1,critical,"{'window_min': 10, 'vibration_g': 1.272, 'temp_c': 57.23, 'current_a': 10.761, 'pred_anom_sustained': True}",Schedule inspection within next 24h; prefer off-peak hour.,T-20250804-1437
2025-08-04 14:57:00+03:00,maintenance-agent,OPEN_TICKET,Pump-1,critical,"{'window_min': 10, 'vibration_g': 1.224, 'temp_c': 57.39, 'current_a': 10.965, 'pred_anom_sustained': True}",Schedule inspection within next 24h; prefer off-peak hour.,T-20250804-1457
2025-08-04 15:17:00+03:00,maintenance-agent,OPEN_TICKET,Pump-1,critical,"{'window_min': 10, 'vibration_g': 1.297, 'temp_c': 58.78, 'current_a': 10.709, 'pred_anom_sustained': True}",Schedule inspection within next 24h; prefer off-peak hour.,T-20250804-1517
2025-08-04 15:37:00+03:00,maintenance-agent,OPEN_TICKET,Pump-1,critical,"{'window_min': 10, 'vibration_g': 1.234, 'temp_c': 57.06, 'current_a': 10.546, 'pred_anom_sustained': True}",Schedule inspection within next 24h; prefer off-peak hour.,T-20250804-1537
2025-08-04 15:57:00+03:00,maintenance-agent,OPEN_TICKET,Pump-1,critical,"{'window_min': 10, 'vibration_g': 1.311, 'temp_c': 56.94, 'current_a': 10.519, 'pred_anom_sustained': True}",Schedule inspection within next 24h; prefer off-peak hour.,T-20250804-1557
2025-08-04 16:17:00+03:00,maintenance-agent,OPEN_TICKET,Pump-1,critical,"{'window_min': 10, 'vibration_g': 1.258, 'temp_c': 57.63, 'current_a': 10.684, 'pred_anom_sustained': True}",Schedule inspection within next 24h; prefer off-peak hour.,T-20250804-1617
2025-08-04 16:37:00+03:00,maintenance-agent,OPEN_TICKET,Pump-1,critical,"{'window_min': 10, 'vibration_g': 1.275, 'temp_c': 56.51, 'current_a': 10.843, 'pred_anom_sustained': True}",Schedule inspection within next 24h; prefer off-peak hour.,T-20250804-1637
2025-08-04 16:57:00+03:00,maintenance-agent,OPEN_TICKET,Pump-1,high,"{'window_min': 10, 'vibration_g': 1.332, 'temp_c': 54.95, 'current_a': 10.445, 'pred_anom_sustained': True}",Schedule inspection within next 24h; prefer off-peak hour.,T-20250804-1657
2025-08-04 17:17:00+03:00,maintenance-agent,OPEN_TICKET,Pump-1,medium,"{'window_min': 10, 'vibration_g': 1.343, 'temp_c': 54.49, 'current_a': 9.912, 'pred_anom_sustained': True}",Schedule inspection within next 24h; prefer off-peak hour.,T-20250804-1717
2025-08-04 17:37:00+03:00,maintenance-agent,OPEN_TICKET,Pump-1,high,"{'window_min': 10, 'vibration_g': 1.294, 'temp_c': 52.41, 'current_a': 10.271, 'pred_anom_sustained': True}",Schedule inspection within next 24h; prefer off-peak hour.,T-20250804-1737
2025-08-04 17:57:00+03:00,maintenance-agent,OPEN_TICKET,Pump-1,medium,"{'window_min': 10, 'vibration_g': 1.274, 'temp_c': 53.52, 'current_a': 9.977, 'pred_anom_sustained': True}",Schedule inspection within next 24h; prefer off-peak hour.,T-20250804-1757
2025-08-04 18:17:00+03:00,maintenance-agent,OPEN_TICKET,Pump-1,medium,"{'window_min': 10, 'vibration_g': 1.271, 'temp_c': 50.81, 'current_a': 8.863, 'pred_anom_sustained': True}",Schedule inspection within next 24h; prefer off-peak hour.,T-20250804-1817
2025-08-04 18:37:00+03:00,maintenance-agent,OPEN_TICKET,Pump-1,medium,"{'window_min': 10, 'vibration_g': 1.326, 'temp_c': 49.78, 'current_a': 9.372, 'pred_anom_sustained': True}",Schedule inspection within next 24h; prefer off-peak hour.,T-20250804-1837
2025-08-04 18:57:00+03:00,maintenance-agent,OPEN_TICKET,Pump-1,medium,"{'window_min': 10, 'vibration_g': 1.24, 'temp_c': 47.96, 'current_a': 8.889, 'pred_anom_sustained': True}",Schedule inspection within next 24h; prefer off-peak hour.,T-20250804-1857
2025-08-04 19:17:00+03:00,maintenance-agent,OPEN_TICKET,Pump-1,medium,"{'window_min': 10, 'vibration_g': 1.273, 'temp_c': 47.35, 'current_a': 8.586, 'pred_anom_sustained': True}",Schedule inspection within next 24h; prefer off-peak hour.,T-20250804-1917
2025-08-04 19:37:00+03:00,maintenance-agent,OPEN_TICKET,Pump-1,medium,"{'window_min': 10, 'vibration_g': 1.213, 'temp_c': 45.15, 'current_a': 8.264, 'pred_anom_sustained': True}",Schedule inspection within next 24h; prefer off-peak hour.,T-20250804-1937
2025-08-04 19:57:00+03:00,maintenance-agent,OPEN_TICKET,Pump-1,low,"{'window_min': 10, 'vibration_g': 1.169, 'temp_c': 43.94, 'current_a': 8.084, 'pred_anom_sustained': True}",Schedule inspection within next 24h; prefer off-peak hour.,T-20250804-1957
2025-08-04 20:17:00+03:00,maintenance-agent,OPEN_TICKET,Pump-1,medium,"{'window_min': 10, 'vibration_g': 1.32, 'temp_c': 42.74, 'current_a': 7.569, 'pred_anom_sustained': True}",Schedule inspection within next 24h; prefer off-peak hour.,T-20250804-2017
2025-08-04 20:37:00+03:00,maintenance-agent,OPEN_TICKET,Pump-1,low,"{'window_min': 10, 'vibration_g': 1.068, 'temp_c': 41.5, 'current_a': 7.428, 'pred_anom_sustained': True}",Schedule inspection within next 24h; prefer off-peak hour.,T-20250804-2037
2025-08-04 20:57:00+03:00,maintenance-agent,OPEN_TICKET,Pump-1,low,"{'window_min': 10, 'vibration_g': 1.149, 'temp_c': 39.86, 'current_a': 7.334, 'pred_anom_sustained': True}",Schedule inspection within next 24h; prefer off-peak hour.,T-20250804-2057
2025-08-04 21:17:00+03:00,maintenance-agent,OPEN_TICKET,Pump-1,medium,"{'window_min': 10, 'vibration_g': 1.209, 'temp_c': 39.81, 'current_a': 7.342, 'pred_anom_sustained': True}",Schedule inspection within next 24h; prefer off-peak hour.,T-20250804-2117
2025-08-04 21:37:00+03:00,maintenance-agent,OPEN_TICKET,Pump-1,low,"{'window_min': 10, 'vibration_g': 1.127, 'temp_c': 39.72, 'current_a': 7.355, 'pred_anom_sustained': True}",Schedule inspection within next 24h; prefer off-peak hour.,T-20250804-2137
2025-08-04 21:57:00+03:00,maintenance-agent,OPEN_TICKET,Pump-1,medium,"{'window_min': 10, 'vibration_g': 1.208, 'temp_c': 38.98, 'current_a': 7.342, 'pred_anom_sustained': True}",Schedule inspection within next 24h; prefer off-peak hour.,T-20250804-2157
2025-08-04 22:17:00+03:00,maintenance-agent,OPEN_TICKET,Pump-1,medium,"{'window_min': 10, 'vibration_g': 1.267, 'temp_c': 39.7, 'current_a': 6.945, 'pred_anom_sustained': True}",Schedule inspection within next 24h; prefer off-peak hour.,T-20250804-2217
2025-08-04 22:37:00+03:00,maintenance-agent,OPEN_TICKET,Pump-1,medium,"{'window_min': 10, 'vibration_g': 1.209, 'temp_c': 40.29, 'current_a': 7.615, 'pred_anom_sustained': True}",Schedule inspection within next 24h; prefer off-peak hour.,T-20250804-2237
2025-08-04 22:57:00+03:00,maintenance-agent,OPEN_TICKET,Pump-1,medium,"{'window_min': 10, 'vibration_g': 1.31, 'temp_c': 39.55, 'current_a': 7.043, 'pred_anom_sustained': True}",Schedule inspection within next 24h; prefer off-peak hour.,T-20250804-2257
2025-08-04 23:17:00+03:00,maintenance-agent,OPEN_TICKET,Pump-1,low,"{'window_min': 10, 'vibration_g': 1.179, 'temp_c': 39.53, 'current_a': 7.052, 'pred_anom_sustained': True}",Schedule inspection within next 24h; prefer off-peak hour.,T-20250804-2317
2025-08-04 23:37:00+03:00,maintenance-agent,OPEN_TICKET,Pump-1,medium,"{'window_min': 10, 'vibration_g': 1.318, 'temp_c': 41.05, 'current_a': 7.394, 'pred_anom_sustained': True}",Schedule inspection within next 24h; prefer off-peak hour.,T-20250804-2337
2025-08-04 23:57:00+03:00,maintenance-agent,OPEN_TICKET,Pump-1,low,"{'window_min': 10, 'vibration_g': 1.186, 'temp_c': 40.54, 'current_a': 7.087, 'pred_anom_sustained': True}",Schedule inspection within next 24h; prefer off-peak hour.,T-20250804-2357
2025-08-05 00:17:00+03:00,maintenance-agent,OPEN_TICKET,Pump-1,medium,"{'window_min': 10, 'vibration_g': 1.231, 'temp_c': 39.39, 'current_a': 7.224, 'pred_anom_sustained': True}",Schedule inspection within next 24h; prefer off-peak hour.,T-20250805-0017
2025-08-05 00:37:00+03:00,maintenance-agent,OPEN_TICKET,Pump-1,medium,"{'window_min': 10, 'vibration_g': 1.306, 'temp_c': 39.35, 'current_a': 6.99, 'pred_anom_sustained': True}",Schedule inspection within next 24h; prefer off-peak hour.,T-20250805-0037
2025-08-05 00:57:00+03:00,maintenance-agent,OPEN_TICKET,Pump-1,medium,"{'window_min': 10, 'vibration_g': 1.26, 'temp_c': 39.82, 'current_a': 7.449, 'pred_anom_sustained': True}",Schedule inspection within next 24h; prefer off-peak hour.,T-20250805-0057
2025-08-05 01:17:00+03:00,maintenance-agent,OPEN_TICKET,Pump-1,medium,"{'window_min': 10, 'vibration_g': 1.358, 'temp_c': 40.01, 'current_a': 7.256, 'pred_anom_sustained': True}",Schedule inspection within next 24h; prefer off-peak hour.,T-20250805-0117
2025-08-05 01:37:00+03:00,maintenance-agent,OPEN_TICKET,Pump-1,medium,"{'window_min': 10, 'vibration_g': 1.349, 'temp_c': 40.0, 'current_a': 7.352, 'pred_anom_sustained': True}",Schedule inspection within next 24h; prefer off-peak hour.,T-20250805-0137
2025-08-05 01:57:00+03:00,maintenance-agent,OPEN_TICKET,Pump-1,medium,"{'window_min': 10, 'vibration_g': 1.247, 'temp_c': 39.75, 'current_a': 7.496, 'pred_anom_sustained': True}",Schedule inspection within next 24h; prefer off-peak hour.,T-20250805-0157
2025-08-05 02:17:00+03:00,maintenance-agent,OPEN_TICKET,Pump-1,medium,"{'window_min': 10, 'vibration_g': 1.376, 'temp_c': 40.69, 'current_a': 7.058, 'pred_anom_sustained': True}",Schedule inspection within next 24h; prefer off-peak hour.,T-20250805-0217
2025-08-05 02:37:00+03:00,maintenance-agent,OPEN_TICKET,Pump-1,medium,"{'window_min': 10, 'vibration_g': 1.336, 'temp_c': 39.42, 'current_a': 7.219, 'pred_anom_sustained': True}",Schedule inspection within next 24h; prefer off-peak hour.,T-20250805-0237
2025-08-05 02:57:00+03:00,maintenance-agent,OPEN_TICKET,Pump-1,medium,"{'window_min': 10, 'vibration_g': 1.346, 'temp_c': 39.35, 'current_a': 7.127, 'pred_anom_sustained': True}",Schedule inspection within next 24h; prefer off-peak hour.,T-20250805-0257
2025-08-05 03:17:00+03:00,maintenance-agent,OPEN_TICKET,Pump-1,medium,"{'window_min': 10, 'vibration_g': 1.409, 'temp_c': 40.51, 'current_a': 7.807, 'pred_anom_sustained': True}",Schedule inspection within next 24h; prefer off-peak hour.,T-20250805-0317
2025-08-05 03:37:00+03:00,maintenance-agent,OPEN_TICKET,Pump-1,medium,"{'window_min': 10, 'vibration_g': 1.225, 'temp_c': 40.84, 'current_a': 7.697, 'pred_anom_sustained': True}",Schedule inspection within next 24h; prefer off-peak hour.,T-20250805-0337
2025-08-05 03:57:00+03:00,maintenance-agent,OPEN_TICKET,Pump-1,medium,"{'window_min': 10, 'vibration_g': 1.333, 'temp_c': 39.57, 'current_a': 7.628, 'pred_anom_sustained': True}",Schedule inspection within next 24h; prefer off-peak hour.,T-20250805-0357
2025-08-05 04:17:00+03:00,maintenance-agent,OPEN_TICKET,Pump-1,medium,"{'window_min': 10, 'vibration_g': 1.342, 'temp_c': 40.14, 'current_a': 7.518, 'pred_anom_sustained': True}",Schedule inspection within next 24h; prefer off-peak hour.,T-20250805-0417
2025-08-05 04:37:00+03:00,maintenance-agent,OPEN_TICKET,Pump-1,medium,"{'window_min': 10, 'vibration_g': 1.248, 'temp_c': 39.88, 'current_a': 7.158, 'pred_anom_sustained': True}",Schedule inspection within next 24h; prefer off-peak hour.,T-20250805-0437
2025-08-05 04:57:00+03:00,maintenance-agent,OPEN_TICKET,Pump-1,medium,"{'window_min': 10, 'vibration_g': 1.269, 'temp_c': 40.71, 'current_a': 7.334, 'pred_anom_sustained': True}",Schedule inspection within next 24h; prefer off-peak hour.,T-20250805-0457
2025-08-05 05:17:00+03:00,maintenance-agent,OPEN_TICKET,Pump-1,medium,"{'window_min': 10, 'vibration_g': 1.346, 'temp_c': 40.46, 'current_a': 7.49, 'pred_anom_sustained': True}",Schedule inspection within next 24h; prefer off-peak hour.,T-20250805-0517
2025-08-05 05:37:00+03:00,maintenance-agent,OPEN_TICKET,Pump-1,medium,"{'window_min': 10, 'vibration_g': 1.316, 'temp_c': 40.02, 'current_a': 7.509, 'pred_anom_sustained': True}",Schedule inspection within next 24h; prefer off-peak hour.,T-20250805-0537
2025-08-05 05:57:00+03:00,maintenance-agent,OPEN_TICKET,Pump-1,medium,"{'window_min': 10, 'vibration_g': 1.322, 'temp_c': 40.53, 'current_a': 7.812, 'pred_anom_sustained': True}",Schedule inspection within next 24h; prefer off-peak hour.,T-20250805-0557
2025-08-05 06:17:00+03:00,maintenance-agent,OPEN_TICKET,Pump-1,medium,"{'window_min': 10, 'vibration_g': 1.301, 'temp_c': 38.52, 'current_a': 7.62, 'pred_anom_sustained': True}",Schedule inspection within next 24h; prefer off-peak hour.,T-20250805-0617
2025-08-05 06:37:00+03:00,maintenance-agent,OPEN_TICKET,Pump-1,medium,"{'window_min': 10, 'vibration_g': 1.349, 'temp_c': 39.73, 'current_a': 7.349, 'pred_anom_sustained': True}",Schedule inspection within next 24h; prefer off-peak hour.,T-20250805-0637
2025-08-05 06:57:00+03:00,maintenance-agent,OPEN_TICKET,Pump-1,medium,"{'window_min': 10, 'vibration_g': 1.378, 'temp_c': 39.43, 'current_a': 7.314, 'pred_anom_sustained': True}",Schedule inspection within next 24h; prefer off-peak hour.,T-20250805-0657
2025-08-05 07:17:00+03:00,maintenance-agent,OPEN_TICKET,Pump-1,medium,"{'window_min': 10, 'vibration_g': 1.429, 'temp_c': 39.56, 'current_a': 7.438, 'pred_anom_sustained': True}",Schedule inspection within next 24h; prefer off-peak hour.,T-20250805-0717
2025-08-05 07:37:00+03:00,maintenance-agent,OPEN_TICKET,Pump-1,medium,"{'window_min': 10, 'vibration_g': 1.353, 'temp_c': 39.16, 'current_a': 7.279, 'pred_anom_sustained': True}",Schedule inspection within next 24h; prefer off-peak hour.,T-20250805-0737
2025-08-05 07:57:00+03:00,maintenance-agent,OPEN_TICKET,Pump-1,medium,"{'window_min': 10, 'vibration_g': 1.45, 'temp_c': 40.1, 'current_a': 7.219, 'pred_anom_sustained': True}",Schedule inspection within next 24h; prefer off-peak hour.,T-20250805-0757
2025-08-05 08:17:00+03:00,maintenance-agent,OPEN_TICKET,Pump-1,medium,"{'window_min': 10, 'vibration_g': 1.444, 'temp_c': 39.89, 'current_a': 7.546, 'pred_anom_sustained': True}",Schedule inspection within next 24h; prefer off-peak hour.,T-20250805-0817
2025-08-05 08:37:00+03:00,maintenance-agent,OPEN_TICKET,Pump-1,medium,"{'window_min': 10, 'vibration_g': 1.35, 'temp_c': 39.31, 'current_a': 7.374, 'pred_anom_sustained': True}",Schedule inspection within next 24h; prefer off-peak hour.,T-20250805-0837
2025-08-05 08:57:00+03:00,maintenance-agent,OPEN_TICKET,Pump-1,medium,"{'window_min': 10, 'vibration_g': 1.445, 'temp_c': 40.31, 'current_a': 7.465, 'pred_anom_sustained': True}",Schedule inspection within next 24h; prefer off-peak hour.,T-20250805-0857
2025-08-05 09:17:00+03:00,maintenance-agent,OPEN_TICKET,Pump-1,medium,"{'window_min': 10, 'vibration_g': 1.345, 'temp_c': 41.4, 'current_a': 7.767, 'pred_anom_sustained': True}",Schedule inspection within next 24h; prefer off-peak hour.,T-20250805-0917
2025-08-05 09:37:00+03:00,maintenance-agent,OPEN_TICKET,Pump-1,medium,"{'window_min': 10, 'vibration_g': 1.352, 'temp_c': 43.55, 'current_a': 8.1, 'pred_anom_sustained': True}",Schedule inspection within next 24h; prefer off-peak hour.,T-20250805-0937
2025-08-05 09:57:00+03:00,maintenance-agent,OPEN_TICKET,Pump-1,medium,"{'window_min': 10, 'vibration_g': 1.413, 'temp_c': 43.64, 'current_a': 8.191, 'pred_anom_sustained': True}",Schedule inspection within next 24h; prefer off-peak hour.,T-20250805-0957
2025-08-05 10:17:00+03:00,maintenance-agent,OPEN_TICKET,Pump-1,medium,"{'window_min': 10, 'vibration_g': 1.309, 'temp_c': 45.59, 'current_a': 8.501, 'pred_anom_sustained': True}",Schedule inspection within next 24h; prefer off-peak hour.,T-20250805-1017
2025-08-05 10:37:00+03:00,maintenance-agent,OPEN_TICKET,Pump-1,medium,"{'window_min': 10, 'vibration_g': 1.487, 'temp_c': 47.48, 'current_a': 8.9, 'pred_anom_sustained': True}",Schedule inspection within next 24h; prefer off-peak hour.,T-20250805-1037
2025-08-05 10:57:00+03:00,maintenance-agent,OPEN_TICKET,Pump-1,medium,"{'window_min': 10, 'vibration_g': 1.519, 'temp_c': 49.69, 'current_a': 9.016, 'pred_anom_sustained': True}",Schedule inspection within next 24h; prefer off-peak hour.,T-20250805-1057
2025-08-05 11:17:00+03:00,maintenance-agent,OPEN_TICKET,Pump-1,medium,"{'window_min': 10, 'vibration_g': 1.435, 'temp_c': 49.91, 'current_a': 9.172, 'pred_anom_sustained': True}",Schedule inspection within next 24h; prefer off-peak hour.,T-20250805-1117
2025-08-05 11:37:00+03:00,maintenance-agent,OPEN_TICKET,Pump-1,medium,"{'window_min': 10, 'vibration_g': 1.468, 'temp_c': 51.56, 'current_a': 9.683, 'pred_anom_sustained': True}",Schedule inspection within next 24h; prefer off-peak hour.,T-20250805-1137
2025-08-05 11:57:00+03:00,maintenance-agent,OPEN_TICKET,Pump-1,medium,"{'window_min': 10, 'vibration_g': 1.514, 'temp_c': 52.26, 'current_a': 9.419, 'pred_anom_sustained': True}",Schedule inspection within next 24h; prefer off-peak hour.,T-20250805-1157
2025-08-05 12:17:00+03:00,maintenance-agent,OPEN_TICKET,Pump-1,medium,"{'window_min': 10, 'vibration_g': 1.584, 'temp_c': 54.96, 'current_a': 9.996, 'pred_anom_sustained': True}",Schedule inspection within next 24h; prefer off-peak hour.,T-20250805-1217
2025-08-05 12:37:00+03:00,maintenance-agent,OPEN_TICKET,Pump-1,medium,"{'window_min': 10, 'vibration_g': 1.549, 'temp_c': 55.45, 'current_a': 10.052, 'pred_anom_sustained': True}",Schedule inspection within next 24h; prefer off-peak hour.,T-20250805-1237
2025-08-05 12:57:00+03:00,maintenance-agent,OPEN_TICKET,Pump-1,critical,"{'window_min': 10, 'vibration_g': 1.704, 'temp_c': 55.95, 'current_a': 10.427, 'pred_anom_sustained': True}",Schedule inspection within next 24h; prefer off-peak hour.,T-20250805-1257
2025-08-05 13:17:00+03:00,maintenance-agent,OPEN_TICKET,Pump-1,critical,"{'window_min': 10, 'vibration_g': 1.726, 'temp_c': 56.22, 'current_a': 10.446, 'pred_anom_sustained': True}",Schedule inspection within next 24h; prefer off-peak hour.,T-20250805-1317
2025-08-05 13:37:00+03:00,maintenance-agent,OPEN_TICKET,Pump-1,critical,"{'window_min': 10, 'vibration_g': 1.686, 'temp_c': 55.75, 'current_a': 10.197, 'pred_anom_sustained': True}",Schedule inspection within next 24h; prefer off-peak hour.,T-20250805-1337
2025-08-05 13:57:00+03:00,maintenance-agent,OPEN_TICKET,Pump-1,critical,"{'window_min': 10, 'vibration_g': 1.766, 'temp_c': 58.07, 'current_a': 10.933, 'pred_anom_sustained': True}",Schedule inspection within next 24h; prefer off-peak hour.,T-20250805-1357
2025-08-05 14:17:00+03:00,maintenance-agent,OPEN_TICKET,Pump-1,critical,"{'window_min': 10, 'vibration_g': 1.773, 'temp_c': 58.98, 'current_a': 11.156, 'pred_anom_sustained': True}",Schedule inspection within next 24h; prefer off-peak hour.,T-20250805-1417
2025-08-05 14:37:00+03:00,maintenance-agent,OPEN_TICKET,Pump-1,critical,"{'window_min': 10, 'vibration_g': 1.77, 'temp_c': 58.69, 'current_a': 11.451, 'pred_anom_sustained': True}",Schedule inspection within next 24h; prefer off-peak hour.,T-20250805-1437
2025-08-05 14:57:00+03:00,maintenance-agent,OPEN_TICKET,Pump-1,critical,"{'window_min': 10, 'vibration_g': 1.762, 'temp_c': 59.53, 'current_a': 11.543, 'pred_anom_sustained': True}",Schedule inspection within next 24h; prefer off-peak hour.,T-20250805-1457
2025-08-05 15:17:00+03:00,maintenance-agent,OPEN_TICKET,Pump-1,critical,"{'window_min': 10, 'vibration_g': 1.84, 'temp_c': 59.1, 'current_a': 11.436, 'pred_anom_sustained': True}",Schedule inspection within next 24h; prefer off-peak hour.,T-20250805-1517
2025-08-05 15:37:00+03:00,maintenance-agent,OPEN_TICKET,Pump-1,critical,"{'window_min': 10, 'vibration_g': 1.905, 'temp_c': 59.29, 'current_a': 11.16, 'pred_anom_sustained': True}",Schedule inspection within next 24h; prefer off-peak hour.,T-20250805-1537
2025-08-05 15:57:00+03:00,maintenance-agent,OPEN_TICKET,Pump-1,critical,"{'window_min': 10, 'vibration_g': 1.979, 'temp_c': 58.5, 'current_a': 11.402, 'pred_anom_sustained': True}",Schedule inspection within next 24h; prefer off-peak hour.,T-20250805-1557
2025-08-05 16:17:00+03:00,maintenance-agent,OPEN_TICKET,Pump-1,critical,"{'window_min': 10, 'vibration_g': 1.814, 'temp_c': 58.15, 'current_a': 11.465, 'pred_anom_sustained': True}",Schedule inspection within next 24h; prefer off-peak hour.,T-20250805-1617
2025-08-05 16:37:00+03:00,maintenance-agent,OPEN_TICKET,Pump-1,critical,"{'window_min': 10, 'vibration_g': 1.88, 'temp_c': 58.42, 'current_a': 11.364, 'pred_anom_sustained': True}",Schedule inspection within next 24h; prefer off-peak hour.,T-20250805-1637
2025-08-05 16:57:00+03:00,maintenance-agent,OPEN_TICKET,Pump-1,critical,"{'window_min': 10, 'vibration_g': 1.934, 'temp_c': 57.82, 'current_a': 11.362, 'pred_anom_sustained': True}",Schedule inspection within next 24h; prefer off-peak hour.,T-20250805-1657
2025-08-05 17:17:00+03:00,maintenance-agent,OPEN_TICKET,Pump-1,critical,"{'window_min': 10, 'vibration_g': 1.945, 'temp_c': 56.57, 'current_a': 11.277, 'pred_anom_sustained': True}",Schedule inspection within next 24h; prefer off-peak hour.,T-20250805-1717
2025-08-05 17:37:00+03:00,maintenance-agent,OPEN_TICKET,Pump-1,critical,"{'window_min': 10, 'vibration_g': 1.955, 'temp_c': 55.07, 'current_a': 11.038, 'pred_anom_sustained': True}",Schedule inspection within next 24h; prefer off-peak hour.,T-20250805-1737
2025-08-05 17:57:00+03:00,maintenance-agent,OPEN_TICKET,Pump-1,critical,"{'window_min': 10, 'vibration_g': 1.977, 'temp_c': 54.51, 'current_a': 10.838, 'pred_anom_sustained': True}",Schedule inspection within next 24h; prefer off-peak hour.,T-20250805-1757
2025-08-05 18:17:00+03:00,maintenance-agent,OPEN_TICKET,Pump-1,high,"{'window_min': 10, 'vibration_g': 1.955, 'temp_c': 53.01, 'current_a': 10.033, 'pred_anom_sustained': True}",Schedule inspection within next 24h; prefer off-peak hour.,T-20250805-1817
2025-08-05 18:37:00+03:00,maintenance-agent,OPEN_TICKET,Pump-1,high,"{'window_min': 10, 'vibration_g': 1.971, 'temp_c': 51.53, 'current_a': 10.025, 'pred_anom_sustained': True}",Schedule inspection within next 24h; prefer off-peak hour.,T-20250805-1837
2025-08-05 18:57:00+03:00,maintenance-agent,OPEN_TICKET,Pump-1,high,"{'window_min': 10, 'vibration_g': 1.914, 'temp_c': 50.49, 'current_a': 9.839, 'pred_anom_sustained': True}",Schedule inspection within next 24h; prefer off-peak hour.,T-20250805-1857
2025-08-05 19:17:00+03:00,maintenance-agent,OPEN_TICKET,Pump-1,critical,"{'window_min': 10, 'vibration_g': 2.029, 'temp_c': 50.91, 'current_a': 10.103, 'pred_anom_sustained': True}",Schedule inspection within next 24h; prefer off-peak hour.,T-20250805-1917
2025-08-05 19:37:00+03:00,maintenance-agent,OPEN_TICKET,Pump-1,critical,"{'window_min': 10, 'vibration_g': 2.093, 'temp_c': 48.01, 'current_a': 9.175, 'pred_anom_sustained': True}",Schedule inspection within next 24h; prefer off-peak hour.,T-20250805-1937
2025-08-05 19:57:00+03:00,maintenance-agent,OPEN_TICKET,Pump-1,critical,"{'window_min': 10, 'vibration_g': 2.028, 'temp_c': 47.3, 'current_a': 9.381, 'pred_anom_sustained': True}",Schedule inspection within next 24h; prefer off-peak hour.,T-20250805-1957
2025-08-05 20:17:00+03:00,maintenance-agent,OPEN_TICKET,Pump-1,high,"{'window_min': 10, 'vibration_g': 1.974, 'temp_c': 44.91, 'current_a': 8.961, 'pred_anom_sustained': True}",Schedule inspection within next 24h; prefer off-peak hour.,T-20250805-2017
2025-08-05 20:37:00+03:00,maintenance-agent,OPEN_TICKET,Pump-1,high,"{'window_min': 10, 'vibration_g': 1.899, 'temp_c': 43.34, 'current_a': 8.454, 'pred_anom_sustained': True}",Schedule inspection within next 24h; prefer off-peak hour.,T-20250805-2037
2025-08-05 20:57:00+03:00,maintenance-agent,OPEN_TICKET,Pump-1,critical,"{'window_min': 10, 'vibration_g': 2.086, 'temp_c': 42.07, 'current_a': 8.417, 'pred_anom_sustained': True}",Schedule inspection within next 24h; prefer off-peak hour.,T-20250805-2057
2025-08-05 21:17:00+03:00,maintenance-agent,OPEN_TICKET,Pump-1,critical,"{'window_min': 10, 'vibration_g': 2.046, 'temp_c': 41.3, 'current_a': 8.369, 'pred_anom_sustained': True}",Schedule inspection within next 24h; prefer off-peak hour.,T-20250805-2117
2025-08-05 21:37:00+03:00,maintenance-agent,OPEN_TICKET,Pump-1,critical,"{'window_min': 10, 'vibration_g': 2.079, 'temp_c': 42.06, 'current_a': 8.697, 'pred_anom_sustained': True}",Schedule inspection within next 24h; prefer off-peak hour.,T-20250805-2137
2025-08-05 21:57:00+03:00,maintenance-agent,OPEN_TICKET,Pump-1,critical,"{'window_min': 10, 'vibration_g': 2.065, 'temp_c': 42.55, 'current_a': 8.602, 'pred_anom_sustained': True}",Schedule inspection within next 24h; prefer off-peak hour.,T-20250805-2157
2025-08-05 22:17:00+03:00,maintenance-agent,OPEN_TICKET,Pump-1,critical,"{'window_min': 10, 'vibration_g': 2.103, 'temp_c': 42.05, 'current_a': 8.423, 'pred_anom_sustained': True}",Schedule inspection within next 24h; prefer off-peak hour.,T-20250805-2217
2025-08-05 22:37:00+03:00,maintenance-agent,OPEN_TICKET,Pump-1,critical,"{'window_min': 10, 'vibration_g': 2.121, 'temp_c': 42.48, 'current_a': 8.792, 'pred_anom_sustained': True}",Schedule inspection within next 24h; prefer off-peak hour.,T-20250805-2237
2025-08-05 22:57:00+03:00,maintenance-agent,OPEN_TICKET,Pump-1,critical,"{'window_min': 10, 'vibration_g': 2.181, 'temp_c': 42.24, 'current_a': 8.593, 'pred_anom_sustained': True}",Schedule inspection within next 24h; prefer off-peak hour.,T-20250805-2257
2025-08-05 23:17:00+03:00,maintenance-agent,OPEN_TICKET,Pump-1,critical,"{'window_min': 10, 'vibration_g': 2.212, 'temp_c': 42.58, 'current_a': 8.656, 'pred_anom_sustained': True}",Schedule inspection within next 24h; prefer off-peak hour.,T-20250805-2317
2025-08-05 23:37:00+03:00,maintenance-agent,OPEN_TICKET,Pump-1,critical,"{'window_min': 10, 'vibration_g': 2.212, 'temp_c': 42.47, 'current_a': 8.991, 'pred_anom_sustained': True}",Schedule inspection within next 24h; prefer off-peak hour.,T-20250805-2337
2025-08-05 23:57:00+03:00,maintenance-agent,OPEN_TICKET,Pump-1,critical,"{'window_min': 10, 'vibration_g': 2.206, 'temp_c': 42.61, 'current_a': 8.5, 'pred_anom_sustained': True}",Schedule inspection within next 24h; prefer off-peak hour.,T-20250805-2357
